Gender,Married,Dependents,Education,Self_Employed,ApplicantIncome,CoapplicantIncome,LoanAmount,Loan_Amount_Term,Credit_History,Property_Area,Loan_Status,LoanAmount_log,ApplicantIncome_log
Male,No,0,Graduate,No,5849,0.0,128.0,360.0,1.0,Urban,1,4.852030263919617,8.674025985443025
Male,Yes,1,Graduate,No,4583,1508.0,128.0,360.0,1.0,Rural,0,4.852030263919617,8.430109084509125
Male,Yes,0,Graduate,Yes,3000,0.0,66.0,360.0,1.0,Urban,1,4.189654742026425,8.006367567650246
Male,Yes,0,Not Graduate,No,2583,2358.0,120.0,360.0,1.0,Urban,1,4.787491742782046,7.8567067930958405
Male,No,0,Graduate,No,6000,0.0,141.0,360.0,1.0,Urban,1,4.948759890378168,8.699514748210191
Male,Yes,2,Graduate,Yes,5417,4196.0,267.0,360.0,1.0,Urban,1,5.58724865840025,8.597297435657898
Male,Yes,0,Not Graduate,No,2333,1516.0,95.0,360.0,1.0,Urban,1,4.553876891600541,7.75491027202143
Male,Yes,3,Graduate,No,3036,2504.0,158.0,360.0,0.0,Semiurban,0,5.062595033026967,8.01829613851552
Male,Yes,2,Graduate,No,4006,1526.0,168.0,360.0,1.0,Urban,1,5.123963979403259,8.295548516225763
Male,Yes,1,Graduate,No,12841,10968.0,349.0,360.0,1.0,Semiurban,0,5.855071922202427,9.460398455831275
Male,Yes,2,Graduate,No,3200,700.0,70.0,360.0,1.0,Urban,1,4.248495242049359,8.070906088787819
Male,Yes,2,Graduate,No,2500,1840.0,109.0,360.0,1.0,Urban,1,4.6913478822291435,7.824046010856292
Male,Yes,2,Graduate,No,3073,8106.0,200.0,360.0,1.0,Urban,1,5.298317366548036,8.030409562130485
Male,No,0,Graduate,No,1853,2840.0,114.0,360.0,1.0,Rural,0,4.736198448394496,7.52456122628536
Male,Yes,2,Graduate,No,1299,1086.0,17.0,120.0,1.0,Urban,1,2.833213344056216,7.1693500166706
Male,No,0,Graduate,No,4950,0.0,125.0,360.0,1.0,Urban,1,4.8283137373023015,8.507142855562735
Male,No,1,Not Graduate,No,3596,0.0,100.0,240.0,1.0,Urban,1,4.605170185988092,8.18757739559151
Female,No,0,Graduate,No,3510,0.0,76.0,360.0,0.0,Urban,0,4.330733340286331,8.163371316459912
Male,Yes,0,Not Graduate,No,4887,0.0,133.0,360.0,1.0,Rural,0,4.890349128221754,8.494333897270154
Male,Yes,0,Graduate,No,2600,3500.0,115.0,360.0,1.0,Urban,1,4.74493212836325,7.8632667240095735
Male,Yes,0,Not Graduate,No,7660,0.0,104.0,360.0,0.0,Urban,0,4.6443908991413725,8.943767262734637
Male,Yes,1,Graduate,No,5955,5625.0,315.0,360.0,1.0,Urban,1,5.752572638825633,8.691986481789401
Male,Yes,0,Not Graduate,No,2600,1911.0,116.0,360.0,0.0,Semiurban,0,4.7535901911063645,7.8632667240095735
Male,Yes,2,Not Graduate,No,3365,1917.0,112.0,360.0,0.0,Rural,0,4.718498871295094,8.121183242078828
Male,Yes,1,Graduate,No,3717,2925.0,151.0,360.0,1.0,Semiurban,0,5.017279836814924,8.220672170297252
Male,Yes,0,Graduate,Yes,9560,0.0,191.0,360.0,1.0,Semiurban,1,5.25227342804663,9.165343006045447
Male,Yes,0,Graduate,No,2799,2253.0,122.0,360.0,1.0,Semiurban,1,4.804021044733257,7.937017489515454
Male,Yes,2,Not Graduate,No,4226,1040.0,110.0,360.0,1.0,Urban,1,4.700480365792417,8.349011198176003
Male,No,0,Not Graduate,No,1442,0.0,35.0,360.0,1.0,Urban,0,3.5553480614894135,7.273786317844895
Female,No,2,Graduate,No,3750,2083.0,120.0,360.0,1.0,Semiurban,1,4.787491742782046,8.229511118964457
Male,Yes,1,Graduate,No,4166,3369.0,201.0,360.0,1.0,Urban,0,5.303304908059076,8.334711621820917
Male,No,0,Graduate,No,3167,0.0,74.0,360.0,1.0,Urban,0,4.30406509320417,8.06054004653864
Male,No,1,Graduate,Yes,4692,0.0,106.0,360.0,1.0,Rural,0,4.663439094112067,8.453614209773367
Male,Yes,0,Graduate,No,3500,1667.0,114.0,360.0,1.0,Semiurban,1,4.736198448394496,8.160518247477505
Male,No,3,Graduate,No,12500,3000.0,320.0,360.0,1.0,Rural,0,5.768320995793772,9.433483923290392
Male,Yes,0,Graduate,No,2275,2067.0,128.0,360.0,1.0,Urban,1,4.852030263919617,7.729735331385051
Male,Yes,0,Graduate,No,1828,1330.0,100.0,360.0,0.0,Urban,0,4.605170185988092,7.510977752014095
Female,Yes,0,Graduate,No,3667,1459.0,144.0,360.0,1.0,Semiurban,1,4.969813299576001,8.207129168071326
Male,No,0,Graduate,No,4166,7210.0,184.0,360.0,1.0,Urban,1,5.214935757608986,8.334711621820917
Male,No,0,Not Graduate,No,3748,1668.0,110.0,360.0,1.0,Semiurban,1,4.700480365792417,8.228977643358313
Male,No,0,Graduate,No,3600,0.0,80.0,360.0,1.0,Urban,0,4.382026634673881,8.1886891244442
Male,No,0,Graduate,No,1800,1213.0,47.0,360.0,1.0,Urban,1,3.8501476017100584,7.495541943884256
Male,Yes,0,Graduate,No,2400,0.0,75.0,360.0,1.0,Urban,1,4.31748811353631,7.783224016336037
Male,Yes,0,Graduate,No,3941,2336.0,134.0,360.0,1.0,Semiurban,1,4.897839799950911,8.279189777195004
Male,Yes,0,Not Graduate,Yes,4695,0.0,96.0,360.0,1.0,Urban,1,4.564348191467836,8.454253391642363
Female,No,0,Graduate,No,3410,0.0,88.0,360.0,1.0,Urban,1,4.477336814478207,8.134467570277563
Male,Yes,1,Graduate,No,5649,0.0,44.0,360.0,1.0,Urban,1,3.784189633918261,8.639233817325263
Male,Yes,0,Graduate,No,5821,0.0,144.0,360.0,1.0,Urban,1,4.969813299576001,8.669227347271736
Female,Yes,0,Graduate,No,2645,3440.0,120.0,360.0,0.0,Urban,0,4.787491742782046,7.8804263442924
Female,No,0,Graduate,No,4000,2275.0,144.0,360.0,1.0,Semiurban,1,4.969813299576001,8.294049640102028
Female,Yes,0,Not Graduate,No,1928,1644.0,100.0,360.0,1.0,Semiurban,1,4.605170185988092,7.564238475170491
Female,No,0,Graduate,No,3086,0.0,120.0,360.0,1.0,Semiurban,1,4.787491742782046,8.034631032923107
Female,No,0,Graduate,No,4230,0.0,112.0,360.0,1.0,Semiurban,0,4.718498871295094,8.349957272040324
Male,Yes,2,Graduate,No,4616,0.0,134.0,360.0,1.0,Urban,0,4.897839799950911,8.437283808187935
Female,Yes,1,Graduate,Yes,11500,0.0,286.0,360.0,0.0,Urban,0,5.655991810819852,9.350102314351341
Male,Yes,2,Graduate,No,2708,1167.0,97.0,360.0,1.0,Semiurban,1,4.574710978503383,7.903965634032166
Male,Yes,0,Graduate,No,2132,1591.0,96.0,360.0,1.0,Semiurban,1,4.564348191467836,7.664815785285735
Male,Yes,0,Graduate,No,3366,2200.0,135.0,360.0,1.0,Rural,0,4.90527477843843,8.121480374750751
Male,Yes,1,Graduate,No,8080,2250.0,180.0,360.0,1.0,Urban,1,5.19295685089021,8.997147151515142
Male,Yes,2,Not Graduate,No,3357,2859.0,144.0,360.0,1.0,Urban,1,4.969813299576001,8.118802996980035
Male,Yes,0,Graduate,No,2500,3796.0,120.0,360.0,1.0,Urban,1,4.787491742782046,7.824046010856292
Male,Yes,3,Graduate,No,3029,0.0,99.0,360.0,1.0,Urban,1,4.59511985013459,8.015987811027237
Male,Yes,0,Not Graduate,Yes,2609,3449.0,165.0,180.0,0.0,Rural,0,5.10594547390058,7.866722285136729
Male,Yes,1,Graduate,No,4945,0.0,128.0,360.0,0.0,Rural,0,4.852030263919617,8.506132244056813
Female,No,0,Graduate,No,4166,0.0,116.0,360.0,0.0,Semiurban,0,4.7535901911063645,8.334711621820917
Male,Yes,0,Graduate,No,5726,4595.0,258.0,360.0,1.0,Semiurban,0,5.552959584921617,8.65277248565806
Male,No,0,Not Graduate,No,3200,2254.0,126.0,180.0,0.0,Urban,0,4.836281906951478,8.070906088787819
Male,Yes,1,Graduate,No,10750,0.0,312.0,360.0,1.0,Urban,1,5.7430031878094825,9.28266103355581
Male,Yes,3,Not Graduate,Yes,7100,0.0,125.0,60.0,1.0,Urban,1,4.8283137373023015,8.867850063029406
Female,No,0,Graduate,No,4300,0.0,136.0,360.0,0.0,Semiurban,0,4.912654885736052,8.366370301681654
Male,Yes,0,Graduate,No,3208,3066.0,172.0,360.0,1.0,Urban,1,5.147494476813453,8.073402968986406
Male,Yes,2,Not Graduate,Yes,1875,1875.0,97.0,360.0,1.0,Semiurban,1,4.574710978503383,7.536363938404511
Male,No,0,Graduate,No,3500,0.0,81.0,300.0,1.0,Semiurban,1,4.394449154672439,8.160518247477505
Male,Yes,3,Not Graduate,No,4755,0.0,95.0,360.0,0.0,Semiurban,0,4.553876891600541,8.46695197497949
Male,Yes,3,Graduate,Yes,5266,1774.0,187.0,360.0,1.0,Semiurban,1,5.231108616854587,8.569026340056254
Male,No,0,Graduate,No,3750,0.0,113.0,480.0,1.0,Urban,0,4.727387818712341,8.229511118964457
Male,No,0,Graduate,No,3750,4750.0,176.0,360.0,1.0,Urban,0,5.170483995038151,8.229511118964457
Male,Yes,1,Graduate,Yes,1000,3022.0,110.0,360.0,1.0,Urban,0,4.700480365792417,6.907755278982137
Male,Yes,3,Graduate,No,3167,4000.0,180.0,300.0,0.0,Semiurban,0,5.19295685089021,8.06054004653864
Male,Yes,3,Not Graduate,Yes,3333,2166.0,130.0,360.0,1.0,Semiurban,1,4.867534450455582,8.11162807830774
Female,No,0,Graduate,No,3846,0.0,111.0,360.0,1.0,Semiurban,1,4.709530201312334,8.254788926148725
Male,Yes,1,Graduate,Yes,2395,0.0,128.0,360.0,1.0,Semiurban,1,4.852030263919617,7.781138509845015
Female,Yes,2,Graduate,No,1378,1881.0,167.0,360.0,1.0,Urban,0,5.117993812416755,7.228388451573604
Male,Yes,0,Graduate,No,6000,2250.0,265.0,360.0,1.0,Semiurban,0,5.579729825986222,8.699514748210191
Male,Yes,1,Graduate,No,3988,0.0,50.0,240.0,1.0,Urban,1,3.912023005428146,8.291045131081729
Male,No,0,Graduate,No,2366,2531.0,136.0,360.0,1.0,Semiurban,1,4.912654885736052,7.768956044538332
Male,Yes,2,Not Graduate,No,3333,2000.0,99.0,360.0,1.0,Semiurban,1,4.59511985013459,8.11162807830774
Male,Yes,0,Graduate,No,2500,2118.0,104.0,360.0,1.0,Semiurban,1,4.6443908991413725,7.824046010856292
Male,No,0,Graduate,No,8566,0.0,210.0,360.0,1.0,Urban,1,5.3471075307174685,9.055556158175316
Male,Yes,0,Graduate,No,5695,4167.0,175.0,360.0,1.0,Semiurban,1,5.1647859739235145,8.647343875881283
Male,Yes,0,Graduate,No,2958,2900.0,131.0,360.0,1.0,Semiurban,1,4.875197323201151,7.992268643270745
Male,Yes,2,Graduate,No,6250,5654.0,188.0,180.0,1.0,Semiurban,1,5.236441962829949,8.740336742730447
Male,Yes,2,Not Graduate,No,3273,1820.0,81.0,360.0,1.0,Urban,1,4.394449154672439,8.09346227450118
Male,No,0,Graduate,No,4133,0.0,122.0,360.0,1.0,Semiurban,1,4.804021044733257,8.326758814511733
Male,No,0,Not Graduate,No,3620,0.0,25.0,120.0,1.0,Semiurban,1,3.2188758248682006,8.194229304819817
Male,No,0,Graduate,No,6782,0.0,128.0,360.0,1.0,Urban,0,4.852030263919617,8.822027322685583
Female,Yes,0,Graduate,No,2484,2302.0,137.0,360.0,1.0,Semiurban,1,4.919980925828125,7.81762544305337
Male,Yes,0,Graduate,No,1977,997.0,50.0,360.0,1.0,Semiurban,1,3.912023005428146,7.589335823170617
Male,Yes,0,Not Graduate,No,4188,0.0,115.0,180.0,1.0,Semiurban,1,4.74493212836325,8.339978571990427
Male,Yes,0,Graduate,No,1759,3541.0,131.0,360.0,1.0,Semiurban,1,4.875197323201151,7.472500744737558
Male,Yes,2,Not Graduate,No,4288,3263.0,133.0,180.0,1.0,Urban,1,4.890349128221754,8.363575702750637
Male,No,0,Graduate,No,4843,3806.0,151.0,360.0,1.0,Semiurban,1,5.017279836814924,8.48528964240323
Male,Yes,0,Graduate,No,13650,0.0,128.0,360.0,1.0,Urban,1,4.852030263919617,9.521494800613105
Male,Yes,0,Graduate,No,4652,3583.0,128.0,360.0,1.0,Semiurban,1,4.852030263919617,8.445052513638554
Male,Yes,0,Graduate,No,3816,754.0,160.0,360.0,1.0,Urban,1,5.075173815233827,8.246958032568177
Male,Yes,1,Graduate,No,3052,1030.0,100.0,360.0,1.0,Urban,1,4.605170185988092,8.023552392404348
Male,Yes,2,Graduate,No,11417,1126.0,225.0,360.0,1.0,Urban,1,5.41610040220442,9.342858751676328
Male,No,0,Not Graduate,No,7333,0.0,120.0,360.0,1.0,Rural,0,4.787491742782046,8.9001399880938
Male,Yes,2,Graduate,No,3800,3600.0,216.0,360.0,0.0,Urban,0,5.375278407684165,8.242756345714477
Male,Yes,3,Not Graduate,No,2071,754.0,94.0,480.0,1.0,Semiurban,1,4.543294782270004,7.635786861395585
Male,No,0,Graduate,No,5316,0.0,136.0,360.0,1.0,Urban,1,4.912654885736052,8.578476419833136
Female,Yes,0,Graduate,No,2929,2333.0,139.0,360.0,1.0,Semiurban,1,4.9344739331306915,7.982416346827733
Male,Yes,0,Not Graduate,No,3572,4114.0,152.0,360.0,0.0,Rural,0,5.0238805208462765,8.18088094199639
Female,No,1,Graduate,Yes,7451,0.0,128.0,360.0,1.0,Semiurban,1,4.852030263919617,8.916103530553727
Male,No,0,Graduate,No,5050,0.0,118.0,360.0,1.0,Semiurban,1,4.770684624465665,8.527143522269405
Male,Yes,1,Graduate,No,14583,0.0,185.0,180.0,1.0,Rural,1,5.220355825078324,9.587611745713565
Female,Yes,0,Graduate,No,3167,2283.0,154.0,360.0,1.0,Semiurban,1,5.0369526024136295,8.06054004653864
Male,Yes,1,Graduate,No,2214,1398.0,85.0,360.0,1.0,Urban,1,4.442651256490317,7.7025561132685825
Male,Yes,0,Graduate,No,5568,2142.0,175.0,360.0,1.0,Rural,0,5.1647859739235145,8.624791202014256
Female,No,0,Graduate,No,10408,0.0,259.0,360.0,1.0,Urban,1,5.556828061699537,9.250330020192342
Male,Yes,0,Graduate,No,5667,2667.0,180.0,360.0,1.0,Rural,1,5.19295685089021,8.64241515616962
Female,No,0,Graduate,No,4166,0.0,44.0,360.0,1.0,Semiurban,1,3.784189633918261,8.334711621820917
Female,No,0,Graduate,No,2137,8980.0,137.0,360.0,0.0,Semiurban,1,4.919980925828125,7.667158255319148
Male,Yes,2,Graduate,No,2957,0.0,81.0,360.0,1.0,Semiurban,1,4.394449154672439,7.9919305198524775
Male,Yes,0,Not Graduate,No,4300,2014.0,194.0,360.0,1.0,Rural,1,5.267858159063328,8.366370301681654
Female,No,0,Graduate,No,3692,0.0,93.0,360.0,1.0,Rural,1,4.532599493153256,8.213923595622743
Male,Yes,3,Graduate,No,23803,0.0,370.0,360.0,1.0,Rural,1,5.91350300563827,10.077566902136047
Male,No,0,Graduate,No,3865,1640.0,128.0,360.0,1.0,Rural,1,4.852030263919617,8.259716961021523
Male,Yes,1,Graduate,Yes,10513,3850.0,160.0,180.0,0.0,Urban,0,5.075173815233827,9.26036786557583
Male,Yes,0,Graduate,No,6080,2569.0,182.0,360.0,1.0,Rural,0,5.204006687076795,8.712759974960212
Male,No,0,Graduate,Yes,20166,0.0,650.0,480.0,1.0,Urban,1,6.476972362889683,9.91175329695316
Male,No,0,Graduate,No,2014,1929.0,74.0,360.0,1.0,Urban,1,4.30406509320417,7.607878073278507
Male,No,0,Graduate,No,2718,0.0,70.0,360.0,1.0,Semiurban,1,4.248495242049359,7.907651594711089
Male,Yes,0,Graduate,Yes,3459,0.0,25.0,120.0,1.0,Semiurban,1,3.2188758248682006,8.148734808937169
Male,No,0,Graduate,No,4895,0.0,102.0,360.0,1.0,Semiurban,1,4.624972813284271,8.49596955496461
Male,Yes,3,Graduate,No,4000,7750.0,290.0,360.0,1.0,Semiurban,0,5.66988092298052,8.294049640102028
Female,Yes,0,Graduate,No,4583,0.0,84.0,360.0,1.0,Rural,0,4.430816798843313,8.430109084509125
Male,Yes,2,Graduate,Yes,3316,3500.0,88.0,360.0,1.0,Urban,1,4.477336814478207,8.106514516255185
Male,No,0,Graduate,No,14999,0.0,242.0,360.0,0.0,Semiurban,0,5.488937726156687,9.61573881119536
Male,Yes,2,Not Graduate,No,4200,1430.0,129.0,360.0,1.0,Rural,0,4.859812404361672,8.34283980427146
Male,Yes,2,Graduate,No,5042,2083.0,185.0,360.0,1.0,Rural,0,5.220355825078324,8.525558107747866
Male,No,0,Graduate,No,5417,0.0,168.0,360.0,1.0,Urban,1,5.123963979403259,8.597297435657898
Male,No,0,Graduate,Yes,6950,0.0,175.0,180.0,1.0,Semiurban,1,5.1647859739235145,8.846496938558838
Male,Yes,0,Graduate,No,2698,2034.0,122.0,360.0,1.0,Semiurban,1,4.804021044733257,7.900266036767701
Male,Yes,2,Graduate,No,11757,0.0,187.0,180.0,1.0,Urban,1,5.231108616854587,9.372204086867741
Female,Yes,0,Graduate,No,2330,4486.0,100.0,360.0,1.0,Semiurban,1,4.605170185988092,7.753623546559746
Female,Yes,2,Graduate,No,14866,0.0,70.0,360.0,1.0,Urban,1,4.248495242049359,9.60683200528524
Male,Yes,1,Graduate,No,1538,1425.0,30.0,360.0,1.0,Urban,1,3.4011973816621555,7.338238150065589
Female,No,0,Graduate,No,10000,1666.0,225.0,360.0,1.0,Rural,0,5.41610040220442,9.210340371976184
Male,Yes,0,Graduate,No,4860,830.0,125.0,360.0,1.0,Semiurban,1,4.8283137373023015,8.48879371689454
Male,No,0,Graduate,No,6277,0.0,118.0,360.0,0.0,Rural,0,4.770684624465665,8.744647438317532
Male,Yes,0,Graduate,Yes,2577,3750.0,152.0,360.0,1.0,Rural,1,5.0238805208462765,7.854381210652365
Male,No,0,Graduate,No,9166,0.0,244.0,360.0,1.0,Urban,0,5.497168225293202,9.123256265069069
Male,Yes,2,Not Graduate,No,2281,0.0,113.0,360.0,1.0,Rural,0,4.727387818712341,7.732369222284388
Male,No,0,Graduate,No,3254,0.0,50.0,360.0,1.0,Urban,1,3.912023005428146,8.087640287778983
Male,Yes,3,Graduate,No,39999,0.0,600.0,180.0,0.0,Semiurban,1,6.396929655216146,10.596609732783568
Male,Yes,1,Graduate,No,6000,0.0,160.0,360.0,1.0,Rural,1,5.075173815233827,8.699514748210191
Male,Yes,1,Graduate,No,9538,0.0,187.0,360.0,1.0,Urban,1,5.231108616854587,9.16303909885817
Male,No,0,Graduate,No,2980,2083.0,120.0,360.0,1.0,Rural,1,4.787491742782046,7.9996785794994505
Male,Yes,0,Graduate,No,4583,5625.0,255.0,360.0,1.0,Semiurban,1,5.541263545158426,8.430109084509125
Male,Yes,0,Not Graduate,No,1863,1041.0,98.0,360.0,1.0,Semiurban,1,4.584967478670572,7.529943370601589
Male,Yes,0,Graduate,No,7933,0.0,275.0,360.0,1.0,Urban,0,5.616771097666572,8.978786553302003
Male,Yes,1,Graduate,No,3089,1280.0,121.0,360.0,0.0,Semiurban,0,4.795790545596741,8.035602692918582
Male,Yes,2,Graduate,No,4167,1447.0,158.0,360.0,1.0,Rural,1,5.062595033026967,8.334951631422454
Male,Yes,0,Graduate,No,9323,0.0,75.0,180.0,1.0,Urban,1,4.31748811353631,9.140239744296693
Male,Yes,0,Graduate,No,3707,3166.0,182.0,360.0,1.0,Rural,1,5.204006687076795,8.217978203150732
Female,Yes,0,Graduate,No,4583,0.0,112.0,360.0,1.0,Rural,0,4.718498871295094,8.430109084509125
Male,Yes,0,Graduate,No,2439,3333.0,129.0,360.0,1.0,Rural,1,4.859812404361672,7.79934339821592
Male,No,0,Graduate,No,2237,0.0,63.0,480.0,0.0,Semiurban,0,4.143134726391533,7.71289096149013
Male,Yes,2,Graduate,No,8000,0.0,200.0,360.0,1.0,Semiurban,1,5.298317366548036,8.987196820661973
Male,Yes,0,Not Graduate,No,1820,1769.0,95.0,360.0,1.0,Rural,1,4.553876891600541,7.506591780070841
Male,Yes,3,Graduate,No,51763,0.0,700.0,300.0,1.0,Urban,1,6.551080335043404,10.854430887309706
Male,Yes,3,Not Graduate,No,3522,0.0,81.0,180.0,1.0,Rural,0,4.394449154672439,8.166784289056151
Male,Yes,0,Graduate,No,5708,5625.0,187.0,360.0,1.0,Semiurban,1,5.231108616854587,8.649623978596727
Male,Yes,0,Not Graduate,Yes,4344,736.0,87.0,360.0,1.0,Semiurban,0,4.465908118654584,8.37655086161377
Male,Yes,0,Graduate,No,3497,1964.0,116.0,360.0,1.0,Rural,1,4.7535901911063645,8.159660737063376
Male,Yes,2,Graduate,No,2045,1619.0,101.0,360.0,1.0,Rural,1,4.61512051684126,7.623153068476902
Male,Yes,3,Graduate,No,5516,11300.0,495.0,360.0,0.0,Semiurban,0,6.20455776256869,8.615408238913192
Male,Yes,1,Graduate,No,3750,0.0,116.0,360.0,1.0,Semiurban,1,4.7535901911063645,8.229511118964457
Male,No,0,Not Graduate,No,2333,1451.0,102.0,480.0,0.0,Urban,0,4.624972813284271,7.75491027202143
Male,Yes,1,Graduate,No,6400,7250.0,180.0,360.0,0.0,Urban,0,5.19295685089021,8.764053269347762
Male,No,0,Graduate,No,1916,5063.0,67.0,360.0,1.0,Rural,0,4.204692619390966,7.557994958530806
Male,Yes,0,Graduate,No,4600,0.0,73.0,180.0,1.0,Semiurban,1,4.290459441148391,8.433811582477187
Male,Yes,1,Graduate,No,33846,0.0,260.0,360.0,1.0,Semiurban,0,5.560681631015528,10.429576102968031
Female,Yes,0,Graduate,No,3625,0.0,108.0,360.0,1.0,Semiurban,1,4.68213122712422,8.195609567288775
Male,Yes,0,Graduate,Yes,39147,4750.0,120.0,360.0,1.0,Semiurban,1,4.787491742782046,10.575079070130357
Male,Yes,1,Graduate,Yes,2178,0.0,66.0,300.0,0.0,Rural,0,4.189654742026425,7.686162303492906
Male,Yes,0,Graduate,No,2383,2138.0,58.0,360.0,1.0,Rural,1,4.060443010546419,7.776115477098742
Male,Yes,0,Graduate,Yes,674,5296.0,168.0,360.0,1.0,Rural,1,5.123963979403259,6.513230110912307
Male,Yes,0,Graduate,No,9328,0.0,188.0,180.0,1.0,Rural,1,5.236441962829949,9.140775908590273
Male,No,0,Not Graduate,No,4885,0.0,48.0,360.0,1.0,Rural,1,3.871201010907891,8.493924564476883
Male,No,0,Graduate,No,12000,0.0,164.0,360.0,1.0,Semiurban,0,5.099866427824199,9.392661928770137
Male,Yes,0,Not Graduate,No,6033,0.0,160.0,360.0,1.0,Urban,0,5.075173815233827,8.704999678440762
Male,No,0,Graduate,No,3858,0.0,76.0,360.0,1.0,Semiurban,1,4.330733340286331,8.257904193465674
Male,No,0,Graduate,No,4191,0.0,120.0,360.0,1.0,Rural,1,4.787491742782046,8.340694647925071
Male,Yes,1,Graduate,No,3125,2583.0,170.0,360.0,1.0,Semiurban,0,5.135798437050262,8.047189562170502
Male,No,0,Graduate,No,8333,3750.0,187.0,360.0,1.0,Rural,1,5.231108616854587,9.027978814382207
Female,No,0,Not Graduate,No,1907,2365.0,120.0,360.0,1.0,Urban,1,4.787491742782046,7.553286605600419
Female,Yes,0,Graduate,No,3416,2816.0,113.0,360.0,1.0,Semiurban,1,4.727387818712341,8.13622555490846
Male,No,0,Graduate,Yes,11000,0.0,83.0,360.0,1.0,Urban,0,4.418840607796598,9.305650551780507
Male,Yes,1,Not Graduate,No,2600,2500.0,90.0,360.0,1.0,Semiurban,1,4.499809670330265,7.8632667240095735
Male,No,2,Graduate,No,4923,0.0,166.0,360.0,0.0,Semiurban,1,5.111987788356544,8.5016733797582
Male,Yes,3,Not Graduate,No,3992,0.0,128.0,180.0,1.0,Urban,0,4.852030263919617,8.292047637431354
Male,Yes,1,Not Graduate,No,3500,1083.0,135.0,360.0,1.0,Urban,1,4.90527477843843,8.160518247477505
Male,Yes,2,Not Graduate,No,3917,0.0,124.0,360.0,1.0,Semiurban,1,4.820281565605037,8.27308133366583
Female,No,0,Not Graduate,No,4408,0.0,120.0,360.0,1.0,Semiurban,1,4.787491742782046,8.391176350832751
Female,No,0,Graduate,No,3244,0.0,80.0,360.0,1.0,Urban,1,4.382026634673881,8.084562415235304
Male,No,0,Not Graduate,No,3975,2531.0,55.0,360.0,1.0,Rural,1,4.007333185232471,8.287780027088433
Male,No,0,Graduate,No,2479,0.0,59.0,360.0,1.0,Urban,1,4.07753744390572,7.8156105320351905
Male,No,0,Graduate,No,3418,0.0,127.0,360.0,1.0,Semiurban,0,4.844187086458591,8.136810863675537
Female,No,0,Graduate,No,10000,0.0,214.0,360.0,1.0,Semiurban,0,5.365976015021851,9.210340371976184
Male,Yes,3,Graduate,No,3430,1250.0,128.0,360.0,0.0,Semiurban,0,4.852030263919617,8.140315540159985
Male,Yes,1,Graduate,Yes,7787,0.0,240.0,360.0,1.0,Urban,1,5.480638923341991,8.960210955576986
Male,Yes,3,Not Graduate,Yes,5703,0.0,130.0,360.0,1.0,Rural,1,4.867534450455582,8.648747631156539
Male,Yes,0,Graduate,No,3173,3021.0,137.0,360.0,1.0,Urban,1,4.919980925828125,8.062432791583195
Male,Yes,3,Not Graduate,No,3850,983.0,100.0,360.0,1.0,Semiurban,1,4.605170185988092,8.25582842728183
Male,Yes,0,Graduate,No,150,1800.0,135.0,360.0,1.0,Rural,0,4.90527477843843,5.0106352940962555
Male,Yes,0,Graduate,No,3727,1775.0,131.0,360.0,1.0,Semiurban,1,4.875197323201151,8.223358899479258
Male,Yes,2,Graduate,No,5000,0.0,72.0,360.0,0.0,Semiurban,0,4.276666119016055,8.517193191416238
Female,Yes,2,Graduate,No,4283,2383.0,127.0,360.0,1.0,Semiurban,1,4.844187086458591,8.36240897761537
Male,Yes,0,Graduate,No,2221,0.0,60.0,360.0,0.0,Urban,0,4.0943445622221,7.7057128238944275
Male,Yes,2,Graduate,No,4009,1717.0,116.0,360.0,1.0,Semiurban,1,4.7535901911063645,8.296297112642508
Male,No,0,Graduate,No,2971,2791.0,144.0,360.0,1.0,Semiurban,1,4.969813299576001,7.9966538754626075
Male,Yes,0,Graduate,No,7578,1010.0,175.0,360.0,1.0,Semiurban,1,5.1647859739235145,8.933004591578547
Male,Yes,0,Graduate,No,6250,0.0,128.0,360.0,1.0,Semiurban,1,4.852030263919617,8.740336742730447
Male,Yes,0,Graduate,No,3250,0.0,170.0,360.0,1.0,Rural,0,5.135798437050262,8.086410275323782
Male,Yes,0,Not Graduate,Yes,4735,0.0,138.0,360.0,1.0,Urban,0,4.927253685157205,8.462737005620179
Male,Yes,2,Graduate,No,6250,1695.0,210.0,360.0,1.0,Semiurban,1,5.3471075307174685,8.740336742730447
Male,Yes,0,Graduate,No,4758,0.0,158.0,480.0,1.0,Semiurban,1,5.062595033026967,8.467582690862903
Male,No,0,Graduate,Yes,6400,0.0,200.0,360.0,1.0,Rural,1,5.298317366548036,8.764053269347762
Male,Yes,1,Graduate,No,2491,2054.0,104.0,360.0,1.0,Semiurban,1,4.6443908991413725,7.820439515262181
Male,Yes,0,Graduate,No,3716,0.0,42.0,180.0,1.0,Rural,1,3.7376696182833684,8.22040309993373
Male,No,0,Not Graduate,No,3189,2598.0,120.0,360.0,1.0,Rural,1,4.787491742782046,8.067462667010057
Female,No,0,Graduate,No,8333,0.0,280.0,360.0,1.0,Semiurban,1,5.634789603169249,9.027978814382207
Male,Yes,1,Graduate,No,3155,1779.0,140.0,360.0,1.0,Semiurban,1,4.941642422609304,8.056743774975313
Male,Yes,1,Graduate,No,5500,1260.0,170.0,360.0,1.0,Rural,1,5.135798437050262,8.612503371220562
Male,Yes,0,Graduate,No,5746,0.0,255.0,360.0,1.0,Urban,0,5.541263545158426,8.656259239539235
Female,No,0,Graduate,Yes,3463,0.0,122.0,360.0,1.0,Urban,1,4.804021044733257,8.149890544402423
Female,No,1,Graduate,No,3812,0.0,112.0,360.0,1.0,Rural,1,4.718498871295094,8.245909264774093
Male,Yes,1,Graduate,No,3315,0.0,96.0,360.0,1.0,Semiurban,1,4.564348191467836,8.106212902619962
Male,Yes,2,Graduate,No,5819,5000.0,120.0,360.0,1.0,Rural,1,4.787491742782046,8.66888370465667
Male,Yes,1,Not Graduate,No,2510,1983.0,140.0,180.0,1.0,Urban,0,4.941642422609304,7.828038032125829
Male,No,0,Graduate,No,2965,5701.0,155.0,60.0,1.0,Urban,1,5.043425116919247,7.994632311431825
Male,Yes,2,Graduate,Yes,6250,1300.0,108.0,360.0,1.0,Rural,1,4.68213122712422,8.740336742730447
Male,Yes,0,Not Graduate,No,3406,4417.0,123.0,360.0,1.0,Semiurban,1,4.812184355372417,8.133293861222633
Male,No,0,Graduate,Yes,6050,4333.0,120.0,180.0,1.0,Urban,0,4.787491742782046,8.707813551024888
Male,Yes,2,Graduate,No,9703,0.0,112.0,360.0,1.0,Urban,1,4.718498871295094,9.1801903950253
Male,Yes,1,Not Graduate,No,6608,0.0,137.0,180.0,1.0,Urban,1,4.919980925828125,8.796036315200814
Male,Yes,1,Graduate,No,2882,1843.0,123.0,480.0,1.0,Semiurban,1,4.812184355372417,7.966239776559467
Male,Yes,0,Graduate,No,1809,1868.0,90.0,360.0,1.0,Urban,1,4.499809670330265,7.500529485395295
Male,Yes,0,Not Graduate,No,1668,3890.0,201.0,360.0,0.0,Semiurban,0,5.303304908059076,7.419380582918692
Female,No,2,Graduate,No,3427,0.0,138.0,360.0,1.0,Urban,0,4.927253685157205,8.139440521874608
Male,No,0,Not Graduate,Yes,2583,2167.0,104.0,360.0,1.0,Rural,1,4.6443908991413725,7.8567067930958405
Male,Yes,1,Not Graduate,No,2661,7101.0,279.0,180.0,1.0,Semiurban,1,5.631211781821365,7.886457270977689
Male,No,0,Graduate,Yes,16250,0.0,192.0,360.0,0.0,Urban,0,5.2574953720277815,9.695848187757884
Female,No,3,Graduate,No,3083,0.0,255.0,360.0,1.0,Rural,1,5.541263545158426,8.03365842788615
Male,No,0,Not Graduate,No,6045,0.0,115.0,360.0,0.0,Rural,0,4.74493212836325,8.706986763048892
Male,Yes,3,Graduate,No,5250,0.0,94.0,360.0,1.0,Urban,0,4.543294782270004,8.565983355585669
Male,Yes,0,Graduate,No,14683,2100.0,304.0,360.0,1.0,Rural,0,5.717027701406222,9.594445640962938
Male,Yes,3,Not Graduate,No,4931,0.0,128.0,360.0,1.0,Semiurban,0,4.852030263919617,8.503297086224126
Male,Yes,1,Graduate,No,6083,4250.0,330.0,360.0,1.0,Urban,1,5.799092654460526,8.713253274320705
Male,No,0,Graduate,No,2060,2209.0,134.0,360.0,1.0,Semiurban,1,4.897839799950911,7.630461261783627
Female,No,1,Graduate,No,3481,0.0,155.0,36.0,1.0,Semiurban,0,5.043425116919247,8.15507488781144
Female,No,0,Graduate,No,7200,0.0,120.0,360.0,1.0,Rural,1,4.787491742782046,8.881836305004146
Male,No,0,Graduate,Yes,5166,0.0,128.0,360.0,1.0,Semiurban,1,4.852030263919617,8.549853973655786
Male,No,0,Graduate,No,4095,3447.0,151.0,360.0,1.0,Rural,1,5.017279836814924,8.31752199628717
Male,Yes,2,Graduate,No,4708,1387.0,150.0,360.0,1.0,Semiurban,1,5.0106352940962555,8.457018468380168
Male,Yes,3,Graduate,No,4333,1811.0,160.0,360.0,0.0,Urban,1,5.075173815233827,8.374015421739909
Female,No,0,Graduate,No,3418,0.0,135.0,360.0,1.0,Rural,0,4.90527477843843,8.136810863675537
Female,No,1,Graduate,No,2876,1560.0,90.0,360.0,1.0,Urban,1,4.499809670330265,7.964155718840937
Female,No,0,Graduate,No,3237,0.0,30.0,360.0,1.0,Urban,1,3.4011973816621555,8.082402253926244
Male,Yes,0,Graduate,No,11146,0.0,136.0,360.0,1.0,Urban,1,4.912654885736052,9.318835968129482
Male,No,0,Graduate,No,2833,1857.0,126.0,360.0,1.0,Rural,1,4.836281906951478,7.949091499830517
Male,Yes,0,Graduate,No,2620,2223.0,150.0,360.0,1.0,Semiurban,1,5.0106352940962555,7.8709295967551425
Male,Yes,2,Graduate,No,3900,0.0,90.0,360.0,1.0,Semiurban,1,4.499809670330265,8.268731832117737
Male,Yes,1,Graduate,No,2750,1842.0,115.0,360.0,1.0,Semiurban,1,4.74493212836325,7.919356190660617
Male,Yes,0,Graduate,No,3993,3274.0,207.0,360.0,1.0,Semiurban,1,5.332718793265369,8.292298107063221
Male,Yes,0,Graduate,No,3103,1300.0,80.0,360.0,1.0,Urban,1,4.382026634673881,8.04012466444838
Male,Yes,0,Graduate,No,14583,0.0,436.0,360.0,1.0,Semiurban,1,6.077642243349034,9.587611745713565
Female,Yes,0,Not Graduate,No,4100,0.0,124.0,360.0,1.0,Rural,1,4.820281565605037,8.318742252692399
Male,No,1,Not Graduate,Yes,4053,2426.0,158.0,360.0,0.0,Urban,0,5.062595033026967,8.307212626628308
Male,Yes,0,Graduate,No,3927,800.0,112.0,360.0,1.0,Semiurban,1,4.718498871295094,8.27563105457801
Male,Yes,2,Graduate,No,2301,985.7999877999998,78.0,180.0,1.0,Urban,1,4.356708826689592,7.741099090035366
Female,No,0,Graduate,No,1811,1666.0,54.0,360.0,1.0,Urban,1,3.9889840465642745,7.501634457883413
Male,Yes,0,Graduate,No,20667,0.0,128.0,360.0,1.0,Rural,0,4.852030263919617,9.936293504261306
Male,No,0,Graduate,No,3158,3053.0,89.0,360.0,1.0,Rural,1,4.48863636973214,8.057694194815587
Female,No,0,Graduate,Yes,2600,1717.0,99.0,300.0,1.0,Semiurban,0,4.59511985013459,7.8632667240095735
Male,Yes,0,Graduate,No,3704,2000.0,120.0,360.0,1.0,Rural,1,4.787491742782046,8.21716859576607
Female,No,0,Graduate,No,4124,0.0,115.0,360.0,1.0,Semiurban,1,4.74493212836325,8.32457884513685
Male,No,0,Graduate,No,9508,0.0,187.0,360.0,1.0,Rural,1,5.231108616854587,9.159888828480085
Male,Yes,0,Graduate,No,3075,2416.0,139.0,360.0,1.0,Rural,1,4.9344739331306915,8.031060180240619
Male,Yes,2,Graduate,No,4400,0.0,127.0,360.0,0.0,Semiurban,0,4.844187086458591,8.389359819906353
Male,Yes,2,Graduate,No,3153,1560.0,134.0,360.0,1.0,Urban,1,4.897839799950911,8.056109659545061
Female,No,0,Graduate,No,5417,0.0,143.0,480.0,0.0,Urban,0,4.962844630259907,8.597297435657898
Male,Yes,0,Graduate,No,2383,3334.0,172.0,360.0,1.0,Semiurban,1,5.147494476813453,7.776115477098742
Male,Yes,3,Graduate,No,4416,1250.0,110.0,360.0,1.0,Urban,1,4.700480365792417,8.392989587956931
Male,Yes,1,Graduate,No,6875,0.0,200.0,360.0,1.0,Semiurban,1,5.298317366548036,8.835646922534773
Female,Yes,1,Graduate,No,4666,0.0,135.0,360.0,1.0,Urban,1,4.90527477843843,8.448057452581375
Female,No,0,Graduate,No,5000,2541.0,151.0,480.0,1.0,Rural,0,5.017279836814924,8.517193191416238
Male,Yes,1,Graduate,No,2014,2925.0,113.0,360.0,1.0,Urban,0,4.727387818712341,7.607878073278507
Male,Yes,0,Not Graduate,No,1800,2934.0,93.0,360.0,0.0,Urban,0,4.532599493153256,7.495541943884256
Male,Yes,0,Not Graduate,No,2875,1750.0,105.0,360.0,1.0,Semiurban,1,4.653960350157523,7.963807953231451
Female,No,0,Graduate,No,5000,0.0,132.0,360.0,1.0,Rural,1,4.882801922586371,8.517193191416238
Male,Yes,1,Graduate,No,1625,1803.0,96.0,360.0,1.0,Urban,1,4.564348191467836,7.393263094763838
Male,No,0,Graduate,No,4000,2500.0,140.0,360.0,1.0,Rural,1,4.941642422609304,8.294049640102028
Male,No,0,Not Graduate,No,2000,0.0,128.0,360.0,1.0,Urban,0,4.852030263919617,7.600902459542082
Female,No,0,Graduate,No,3762,1666.0,135.0,360.0,1.0,Rural,1,4.90527477843843,8.232706009860976
Female,No,0,Graduate,No,2400,1863.0,104.0,360.0,0.0,Urban,0,4.6443908991413725,7.783224016336037
Male,No,0,Graduate,No,20233,0.0,480.0,360.0,1.0,Rural,0,6.173786103901937,9.915070213779195
Male,Yes,2,Not Graduate,No,7667,0.0,185.0,360.0,1.0,Rural,1,5.220355825078324,8.944680683558895
Female,No,0,Graduate,No,2917,0.0,84.0,360.0,1.0,Semiurban,1,4.430816798843313,7.978310969867722
Male,No,0,Not Graduate,No,2927,2405.0,111.0,360.0,1.0,Semiurban,1,4.709530201312334,7.9817332866918855
Female,No,0,Graduate,No,2507,0.0,56.0,360.0,1.0,Rural,1,4.02535169073515,7.826842098158293
Male,Yes,2,Graduate,Yes,5746,0.0,144.0,84.0,1.0,Rural,1,4.969813299576001,8.656259239539235
Male,Yes,0,Graduate,No,2473,1843.0,159.0,360.0,1.0,Rural,0,5.0689042022202315,7.813187267521416
Male,Yes,1,Not Graduate,No,3399,1640.0,111.0,180.0,1.0,Urban,1,4.709530201312334,8.131236549696116
Male,Yes,2,Graduate,No,3717,0.0,120.0,360.0,1.0,Semiurban,1,4.787491742782046,8.220672170297252
Male,Yes,0,Graduate,No,2058,2134.0,88.0,360.0,1.0,Urban,1,4.477336814478207,7.629489916393995
Female,No,1,Graduate,No,3541,0.0,112.0,360.0,1.0,Semiurban,1,4.718498871295094,8.172164452111904
Male,Yes,1,Graduate,Yes,10000,0.0,155.0,360.0,1.0,Rural,0,5.043425116919247,9.210340371976184
Male,Yes,0,Graduate,No,2400,2167.0,115.0,360.0,1.0,Semiurban,1,4.74493212836325,7.783224016336037
Male,Yes,3,Graduate,No,4342,189.0,124.0,360.0,1.0,Semiurban,1,4.820281565605037,8.376090350438238
Male,Yes,2,Not Graduate,No,3601,1590.0,128.0,360.0,1.0,Rural,1,4.852030263919617,8.188966863648876
Female,No,0,Graduate,No,3166,2985.0,132.0,360.0,1.0,Rural,1,4.882801922586371,8.060224240440958
Male,Yes,3,Graduate,No,15000,0.0,300.0,360.0,1.0,Rural,1,5.703782474656201,9.615805480084347
Male,Yes,1,Graduate,Yes,8666,4983.0,376.0,360.0,0.0,Rural,0,5.929589143389895,9.067162602299854
Male,No,0,Graduate,No,4917,0.0,130.0,360.0,0.0,Rural,1,4.867534450455582,8.50045386741194
Male,Yes,0,Graduate,Yes,5818,2160.0,184.0,360.0,1.0,Semiurban,1,5.214935757608986,8.668711839055147
Female,Yes,0,Graduate,No,4333,2451.0,110.0,360.0,1.0,Urban,0,4.700480365792417,8.374015421739909
Female,No,0,Graduate,No,2500,0.0,67.0,360.0,1.0,Urban,1,4.204692619390966,7.824046010856292
Male,No,1,Graduate,No,4384,1793.0,117.0,360.0,1.0,Urban,1,4.762173934797756,8.385716828627851
Male,No,0,Graduate,No,2935,0.0,98.0,360.0,1.0,Semiurban,1,4.584967478670572,7.984462732262196
Male,No,0,Graduate,No,2833,0.0,71.0,360.0,1.0,Urban,1,4.2626798770413155,7.949091499830517
Male,Yes,0,Graduate,No,63337,0.0,490.0,180.0,1.0,Urban,1,6.194405391104672,11.05622495553552
Male,Yes,1,Graduate,Yes,9833,1833.0,182.0,180.0,1.0,Urban,1,5.204006687076795,9.193499354780156
Male,Yes,0,Graduate,Yes,5503,4490.0,70.0,360.0,1.0,Semiurban,1,4.248495242049359,8.613048677059759
Male,Yes,1,Graduate,No,5250,688.0,160.0,360.0,1.0,Rural,1,5.075173815233827,8.565983355585669
Male,Yes,2,Graduate,Yes,2500,4600.0,176.0,360.0,1.0,Rural,1,5.170483995038151,7.824046010856292
Female,No,3,Not Graduate,No,1830,0.0,128.0,360.0,0.0,Urban,0,4.852030263919617,7.512071245835466
Female,No,0,Graduate,No,4160,0.0,71.0,360.0,1.0,Semiurban,1,4.2626798770413155,8.333270353255308
Male,Yes,3,Not Graduate,No,2647,1587.0,173.0,360.0,1.0,Rural,0,5.153291594497779,7.881182202227102
Female,No,0,Graduate,No,2378,0.0,46.0,360.0,1.0,Rural,0,3.828641396489095,7.774015077250727
Male,Yes,1,Not Graduate,No,4554,1229.0,158.0,360.0,1.0,Urban,1,5.062595033026967,8.423761246623686
Male,Yes,3,Not Graduate,No,3173,0.0,74.0,360.0,1.0,Semiurban,1,4.30406509320417,8.062432791583195
Male,Yes,2,Graduate,No,2583,2330.0,125.0,360.0,1.0,Rural,1,4.8283137373023015,7.8567067930958405
Male,Yes,0,Graduate,No,2499,2458.0,160.0,360.0,1.0,Semiurban,1,5.075173815233827,7.823645930834952
Male,Yes,0,Not Graduate,No,3523,3230.0,152.0,360.0,0.0,Rural,0,5.0238805208462765,8.167068178341237
Male,Yes,2,Not Graduate,No,3083,2168.0,126.0,360.0,1.0,Urban,1,4.836281906951478,8.03365842788615
Male,Yes,0,Graduate,No,6333,4583.0,259.0,360.0,1.0,Semiurban,1,5.556828061699537,8.753529336516431
Male,Yes,0,Graduate,No,2625,6250.0,187.0,360.0,1.0,Rural,1,5.231108616854587,7.872836175025724
Male,Yes,0,Graduate,No,9083,0.0,228.0,360.0,1.0,Semiurban,1,5.429345628954441,9.114159813502214
Male,No,0,Graduate,No,8750,4167.0,308.0,360.0,1.0,Rural,0,5.730099782973574,9.07680897935166
Male,Yes,3,Graduate,No,2666,2083.0,95.0,360.0,1.0,Rural,1,4.553876891600541,7.888334500738654
Female,Yes,0,Graduate,Yes,5500,0.0,105.0,360.0,0.0,Rural,0,4.653960350157523,8.612503371220562
Female,Yes,0,Graduate,No,2423,505.0,130.0,360.0,1.0,Semiurban,1,4.867534450455582,7.792761720816526
Female,No,0,Graduate,No,3813,0.0,116.0,180.0,1.0,Urban,1,4.7535901911063645,8.246171559857563
Male,Yes,2,Graduate,No,8333,3167.0,165.0,360.0,1.0,Rural,1,5.10594547390058,9.027978814382207
Male,Yes,1,Graduate,No,3875,0.0,67.0,360.0,1.0,Urban,0,4.204692619390966,8.262300941787448
Male,Yes,0,Not Graduate,No,3000,1666.0,100.0,480.0,0.0,Urban,0,4.605170185988092,8.006367567650246
Male,Yes,3,Graduate,No,5167,3167.0,200.0,360.0,1.0,Semiurban,1,5.298317366548036,8.550047528287184
Female,No,1,Graduate,No,4723,0.0,81.0,360.0,1.0,Semiurban,0,4.394449154672439,8.460199469896118
Male,Yes,2,Graduate,No,5000,3667.0,236.0,360.0,1.0,Semiurban,1,5.4638318050256105,8.517193191416238
Male,Yes,0,Graduate,No,4750,2333.0,130.0,360.0,1.0,Urban,1,4.867534450455582,8.465899897028686
Male,Yes,0,Graduate,No,3013,3033.0,95.0,300.0,1.0,Urban,1,4.553876891600541,8.0106915391303
Male,No,0,Graduate,Yes,6822,0.0,141.0,360.0,1.0,Rural,1,4.948759890378168,8.82790796297859
Male,No,0,Not Graduate,No,6216,0.0,133.0,360.0,1.0,Rural,0,4.890349128221754,8.734881892047483
Male,No,0,Graduate,No,2500,0.0,96.0,480.0,1.0,Semiurban,0,4.564348191467836,7.824046010856292
Male,No,0,Graduate,No,5124,0.0,124.0,360.0,0.0,Rural,0,4.820281565605037,8.541690663016626
Male,Yes,1,Graduate,No,6325,0.0,175.0,360.0,1.0,Semiurban,1,5.1647859739235145,8.752265313595721
Male,Yes,0,Graduate,No,19730,5266.0,570.0,360.0,1.0,Rural,0,6.345636360828596,9.889895599016661
Female,No,0,Graduate,Yes,15759,0.0,55.0,360.0,1.0,Semiurban,1,4.007333185232471,9.665166909622071
Male,Yes,2,Graduate,No,5185,0.0,155.0,360.0,1.0,Semiurban,1,5.043425116919247,8.553525120663627
Male,Yes,2,Graduate,Yes,9323,7873.0,380.0,300.0,1.0,Rural,1,5.940171252720432,9.140239744296693
Male,No,1,Graduate,No,3062,1987.0,111.0,180.0,0.0,Urban,0,4.709530201312334,8.026823576217629
Female,No,0,Graduate,No,2764,1459.0,110.0,360.0,1.0,Urban,1,4.700480365792417,7.92443418488756
Male,Yes,0,Graduate,No,4817,923.0,120.0,180.0,1.0,Urban,1,4.787491742782046,8.479906606630221
Male,Yes,3,Graduate,No,8750,4996.0,130.0,360.0,1.0,Rural,1,4.867534450455582,9.07680897935166
Male,Yes,0,Graduate,No,4310,0.0,130.0,360.0,1.0,Semiurban,1,4.867534450455582,8.368693183097793
Male,No,0,Graduate,No,3069,0.0,71.0,480.0,1.0,Urban,0,4.2626798770413155,8.029107054619736
Male,Yes,2,Graduate,No,5391,0.0,130.0,360.0,1.0,Urban,1,4.867534450455582,8.592486175451668
Male,Yes,0,Graduate,No,3333,2500.0,128.0,360.0,1.0,Semiurban,1,4.852030263919617,8.11162807830774
Male,No,0,Graduate,No,5941,4232.0,296.0,360.0,1.0,Semiurban,1,5.69035945432406,8.689632748355741
Female,No,0,Graduate,No,6000,0.0,156.0,360.0,1.0,Urban,1,5.049856007249537,8.699514748210191
Male,No,0,Graduate,Yes,7167,0.0,128.0,360.0,1.0,Urban,1,4.852030263919617,8.877242435993919
Male,Yes,2,Graduate,No,4566,0.0,100.0,360.0,1.0,Urban,0,4.605170185988092,8.42639282708974
Male,No,1,Graduate,No,3667,0.0,113.0,180.0,1.0,Urban,1,4.727387818712341,8.207129168071326
Male,No,0,Not Graduate,No,2346,1600.0,132.0,360.0,1.0,Semiurban,1,4.882801922586371,7.76046702921342
Male,Yes,0,Not Graduate,No,3010,3136.0,128.0,360.0,0.0,Urban,0,4.852030263919617,8.009695357742922
Male,Yes,0,Graduate,No,2333,2417.0,136.0,360.0,1.0,Urban,1,4.912654885736052,7.75491027202143
Male,Yes,0,Graduate,No,5488,0.0,125.0,360.0,1.0,Rural,1,4.8283137373023015,8.610319169405722
Male,No,3,Graduate,No,9167,0.0,185.0,360.0,1.0,Rural,1,5.220355825078324,9.123365357961776
Male,Yes,3,Graduate,No,9504,0.0,275.0,360.0,1.0,Rural,1,5.616771097666572,9.159468041602427
Male,Yes,0,Graduate,No,2583,2115.0,120.0,360.0,1.0,Urban,1,4.787491742782046,7.8567067930958405
Male,Yes,2,Not Graduate,No,1993,1625.0,113.0,180.0,1.0,Semiurban,1,4.727387818712341,7.597396320212795
Male,Yes,2,Graduate,No,3100,1400.0,113.0,360.0,1.0,Urban,1,4.727387818712341,8.039157390473237
Male,Yes,2,Graduate,No,3276,484.0,135.0,360.0,1.0,Semiurban,1,4.90527477843843,8.09437844497296
Female,No,0,Graduate,No,3180,0.0,71.0,360.0,0.0,Urban,0,4.2626798770413155,8.064636475774222
Male,Yes,0,Graduate,No,3033,1459.0,95.0,360.0,1.0,Urban,1,4.553876891600541,8.017307507688582
Male,No,0,Not Graduate,No,3902,1666.0,109.0,360.0,1.0,Rural,1,4.6913478822291435,8.269244521183056
Female,No,0,Graduate,No,1500,1800.0,103.0,360.0,0.0,Semiurban,0,4.634728988229636,7.313220387090301
Male,Yes,2,Not Graduate,No,2889,0.0,45.0,180.0,0.0,Urban,0,3.8066624897703196,7.968665700466235
Male,No,0,Not Graduate,No,2755,0.0,65.0,300.0,1.0,Rural,0,4.174387269895637,7.9211727215870145
Male,No,0,Graduate,No,2500,20000.0,103.0,360.0,1.0,Semiurban,1,4.634728988229636,7.824046010856292
Female,No,0,Not Graduate,No,1963,0.0,53.0,360.0,1.0,Semiurban,1,3.970291913552122,7.5822291942764615
Female,No,0,Graduate,Yes,7441,0.0,194.0,360.0,1.0,Rural,0,5.267858159063328,8.914760527397261
Female,No,0,Graduate,No,4547,0.0,115.0,360.0,1.0,Semiurban,1,4.74493212836325,8.42222295382501
Male,Yes,0,Not Graduate,No,2167,2400.0,115.0,360.0,1.0,Urban,1,4.74493212836325,7.681099001536359
Female,No,0,Not Graduate,No,2213,0.0,66.0,360.0,1.0,Rural,1,4.189654742026425,7.70210434005105
Male,Yes,1,Graduate,No,8300,0.0,152.0,300.0,0.0,Semiurban,0,5.0238805208462765,9.02401079378469
Male,Yes,3,Graduate,No,81000,0.0,360.0,360.0,0.0,Rural,0,5.886104031450156,11.302204433654575
Female,No,1,Not Graduate,Yes,3867,0.0,62.0,360.0,1.0,Semiurban,0,4.127134385045092,8.260234291607297
Male,Yes,0,Graduate,No,6256,0.0,160.0,360.0,1.0,Urban,1,5.075173815233827,8.741296282225147
Male,Yes,0,Not Graduate,No,6096,0.0,218.0,360.0,0.0,Rural,0,5.384495062789089,8.715388097366482
Male,Yes,0,Not Graduate,No,2253,2033.0,110.0,360.0,1.0,Rural,1,4.700480365792417,7.720017940432244
Female,Yes,0,Not Graduate,No,2149,3237.0,178.0,360.0,0.0,Semiurban,0,5.181783550292085,7.67275789664251
Female,No,0,Graduate,No,2995,0.0,60.0,360.0,1.0,Urban,1,4.0943445622221,8.00469951054955
Female,No,1,Graduate,No,2600,0.0,160.0,360.0,1.0,Urban,0,5.075173815233827,7.8632667240095735
Male,Yes,2,Graduate,Yes,1600,20000.0,239.0,360.0,1.0,Urban,0,5.476463551931511,7.3777589082278725
Male,Yes,0,Graduate,No,1025,2773.0,112.0,360.0,1.0,Rural,1,4.718498871295094,6.932447891572509
Male,Yes,0,Graduate,No,3246,1417.0,138.0,360.0,1.0,Semiurban,1,4.927253685157205,8.085178748074537
Male,Yes,0,Graduate,No,5829,0.0,138.0,360.0,1.0,Rural,1,4.927253685157205,8.67060073804555
Female,No,0,Not Graduate,No,2720,0.0,80.0,360.0,0.0,Urban,0,4.382026634673881,7.908387159290043
Male,Yes,0,Graduate,No,1820,1719.0,100.0,360.0,1.0,Urban,1,4.605170185988092,7.506591780070841
Male,Yes,1,Graduate,No,7250,1667.0,110.0,360.0,0.0,Urban,0,4.700480365792417,8.88875674784872
Male,Yes,0,Graduate,No,14880,0.0,96.0,360.0,1.0,Semiurban,1,4.564348191467836,9.607773308387083
Male,Yes,0,Graduate,No,2666,4300.0,121.0,360.0,1.0,Rural,1,4.795790545596741,7.888334500738654
Female,No,1,Not Graduate,No,4606,0.0,81.0,360.0,1.0,Rural,0,4.394449154672439,8.43511508038063
Male,Yes,2,Graduate,No,5935,0.0,133.0,360.0,1.0,Semiurban,1,4.890349128221754,8.688622307043769
Male,Yes,0,Graduate,No,2920,16.12000084,87.0,360.0,1.0,Rural,1,4.465908118654584,7.979338895262328
Male,No,0,Not Graduate,No,2717,0.0,60.0,180.0,1.0,Urban,1,4.0943445622221,7.907283609426348
Female,No,1,Graduate,Yes,8624,0.0,150.0,360.0,1.0,Semiurban,1,5.0106352940962555,9.06230429314878
Male,No,0,Graduate,No,6500,0.0,105.0,360.0,0.0,Rural,0,4.653960350157523,8.779557455883728
Male,No,0,Graduate,No,12876,0.0,405.0,360.0,1.0,Semiurban,1,6.003887067106539,9.463120392418698
Male,Yes,0,Graduate,No,2425,2340.0,143.0,360.0,1.0,Semiurban,1,4.962844630259907,7.793586803371584
Male,No,0,Graduate,No,3750,0.0,100.0,360.0,1.0,Urban,1,4.605170185988092,8.229511118964457
Female,Yes,0,Graduate,No,10047,0.0,128.0,240.0,1.0,Semiurban,1,4.852030263919617,9.215029361462314
Male,No,0,Graduate,No,1926,1851.0,50.0,360.0,1.0,Semiurban,1,3.912023005428146,7.563200592358071
Male,Yes,0,Graduate,No,2213,1125.0,128.0,360.0,1.0,Urban,1,4.852030263919617,7.70210434005105
Male,No,0,Graduate,Yes,10416,0.0,187.0,360.0,0.0,Urban,0,5.231108616854587,9.251098364448351
Female,Yes,0,Not Graduate,Yes,7142,0.0,138.0,360.0,1.0,Rural,1,4.927253685157205,8.873748128154395
Male,No,0,Graduate,No,3660,5064.0,187.0,360.0,1.0,Semiurban,1,5.231108616854587,8.205218426395412
Male,Yes,0,Graduate,No,7901,1833.0,180.0,360.0,1.0,Rural,1,5.19295685089021,8.974744612722734
Male,No,3,Not Graduate,No,4707,1993.0,148.0,360.0,1.0,Semiurban,1,4.997212273764115,8.456806041401142
Male,No,1,Graduate,No,37719,0.0,152.0,360.0,1.0,Semiurban,1,5.0238805208462765,10.537919225261291
Male,Yes,0,Graduate,No,7333,8333.0,175.0,300.0,1.0,Rural,1,5.1647859739235145,8.9001399880938
Male,Yes,1,Graduate,Yes,3466,1210.0,130.0,360.0,1.0,Rural,1,4.867534450455582,8.150756470275551
Male,Yes,2,Not Graduate,No,4652,0.0,110.0,360.0,1.0,Rural,1,4.700480365792417,8.445052513638554
Male,Yes,0,Graduate,No,3539,1376.0,55.0,360.0,1.0,Rural,0,4.007333185232471,8.171599480345463
Male,Yes,2,Graduate,No,3340,1710.0,150.0,360.0,0.0,Rural,0,5.0106352940962555,8.113726085970747
Male,No,1,Not Graduate,Yes,2769,1542.0,190.0,360.0,1.0,Semiurban,0,5.247024072160486,7.926241523170962
Male,Yes,2,Not Graduate,No,2309,1255.0,125.0,360.0,0.0,Rural,0,4.8283137373023015,7.744569809354496
Male,Yes,2,Not Graduate,No,1958,1456.0,60.0,300.0,1.0,Urban,1,4.0943445622221,7.579678823090456
Male,Yes,0,Graduate,No,3948,1733.0,149.0,360.0,0.0,Rural,0,5.003946305945459,8.280964400553373
Male,Yes,0,Graduate,No,2483,2466.0,90.0,180.0,0.0,Rural,1,4.499809670330265,7.817222785508166
Male,No,0,Graduate,Yes,7085,0.0,84.0,360.0,1.0,Semiurban,1,4.430816798843313,8.865735152124781
Male,Yes,2,Graduate,No,3859,0.0,96.0,360.0,1.0,Semiurban,1,4.564348191467836,8.258163361537619
Male,Yes,0,Graduate,No,4301,0.0,118.0,360.0,1.0,Urban,1,4.770684624465665,8.366602832783736
Male,Yes,0,Graduate,No,3708,2569.0,173.0,360.0,1.0,Urban,0,5.153291594497779,8.218247926685745
Male,No,2,Graduate,No,4354,0.0,136.0,360.0,1.0,Rural,1,4.912654885736052,8.378850241794492
Male,Yes,0,Graduate,No,8334,0.0,160.0,360.0,1.0,Semiurban,0,5.075173815233827,9.0280988119824
Male,Yes,0,Graduate,Yes,2083,4083.0,160.0,360.0,1.0,Semiurban,1,5.075173815233827,7.641564441260972
Male,Yes,3,Graduate,No,7740,0.0,128.0,180.0,1.0,Urban,1,4.852030263919617,8.954156966583772
Male,Yes,0,Graduate,No,3015,2188.0,153.0,360.0,1.0,Rural,1,5.030437921392435,8.011355109161286
Female,No,1,Not Graduate,No,5191,0.0,132.0,360.0,1.0,Semiurban,1,4.882801922586371,8.55468163582723
Male,No,0,Graduate,No,4166,0.0,98.0,360.0,0.0,Semiurban,0,4.584967478670572,8.334711621820917
Male,No,0,Graduate,No,6000,0.0,140.0,360.0,1.0,Rural,1,4.941642422609304,8.699514748210191
Male,Yes,3,Not Graduate,No,2947,1664.0,70.0,180.0,0.0,Urban,0,4.248495242049359,7.988542982737695
Male,Yes,0,Graduate,No,16692,0.0,110.0,360.0,1.0,Semiurban,1,4.700480365792417,9.722684841711443
Female,Yes,2,Not Graduate,No,210,2917.0,98.0,360.0,1.0,Semiurban,1,4.584967478670572,5.3471075307174685
Male,Yes,0,Graduate,No,4333,2451.0,110.0,360.0,1.0,Urban,0,4.700480365792417,8.374015421739909
Male,Yes,1,Graduate,Yes,3450,2079.0,162.0,360.0,1.0,Semiurban,1,5.087596335232384,8.146129510025405
Male,Yes,1,Not Graduate,No,2653,1500.0,113.0,180.0,0.0,Rural,0,4.727387818712341,7.88344635413774
Male,Yes,3,Graduate,No,4691,0.0,100.0,360.0,1.0,Semiurban,1,4.605170185988092,8.453401058328458
Female,No,0,Graduate,Yes,2500,0.0,93.0,360.0,1.0,Urban,1,4.532599493153256,7.824046010856292
Male,No,2,Graduate,No,5532,4648.0,162.0,360.0,1.0,Rural,1,5.087596335232384,8.61830469278465
Male,Yes,2,Graduate,Yes,16525,1014.0,150.0,360.0,1.0,Rural,1,5.0106352940962555,9.712629664719888
Male,Yes,2,Graduate,No,6700,1750.0,230.0,300.0,1.0,Semiurban,1,5.438079308923196,8.809862805379057
Male,Yes,2,Graduate,No,2873,1872.0,132.0,360.0,0.0,Semiurban,0,4.882801922586371,7.96311205897929
Male,Yes,1,Graduate,Yes,16667,2250.0,86.0,360.0,1.0,Semiurban,1,4.454347296253507,9.721185995542177
Male,Yes,2,Graduate,No,2947,1603.0,128.0,360.0,1.0,Urban,0,4.852030263919617,7.988542982737695
Female,No,0,Not Graduate,No,4350,0.0,154.0,360.0,1.0,Rural,1,5.0369526024136295,8.37793112408273
Male,Yes,3,Not Graduate,No,3095,0.0,113.0,360.0,1.0,Rural,1,4.727387818712341,8.037543185118697
Male,Yes,0,Graduate,No,2083,3150.0,128.0,360.0,1.0,Semiurban,1,4.852030263919617,7.641564441260972
Male,Yes,0,Graduate,No,10833,0.0,234.0,360.0,1.0,Semiurban,1,5.455321115357702,9.290352309945568
Male,Yes,2,Graduate,No,8333,0.0,246.0,360.0,1.0,Semiurban,1,5.5053315359323625,9.027978814382207
Male,Yes,1,Not Graduate,No,1958,2436.0,131.0,360.0,1.0,Rural,1,4.875197323201151,7.579678823090456
Male,No,2,Graduate,No,3547,0.0,80.0,360.0,0.0,Rural,0,4.382026634673881,8.173857454773621
Male,Yes,1,Graduate,No,18333,0.0,500.0,360.0,1.0,Urban,0,6.214608098422191,9.816457993563025
Male,Yes,2,Graduate,Yes,4583,2083.0,160.0,360.0,1.0,Semiurban,1,5.075173815233827,8.430109084509125
Male,No,0,Graduate,No,2435,0.0,75.0,360.0,1.0,Urban,0,4.31748811353631,7.79770203551669
Male,No,0,Not Graduate,No,2699,2785.0,96.0,360.0,1.0,Semiurban,1,4.564348191467836,7.900636613018005
Male,Yes,1,Not Graduate,No,5333,1131.0,186.0,360.0,1.0,Urban,1,5.225746673713202,8.581669210600602
Male,No,0,Not Graduate,No,3691,0.0,110.0,360.0,1.0,Rural,1,4.700480365792417,8.213652703029998
Female,No,0,Not Graduate,Yes,17263,0.0,225.0,360.0,1.0,Semiurban,1,5.41610040220442,9.756320761816548
Male,Yes,0,Graduate,No,3597,2157.0,119.0,360.0,0.0,Rural,0,4.77912349311153,8.187855443695623
Female,Yes,1,Graduate,No,3326,913.0,105.0,84.0,1.0,Semiurban,1,4.653960350157523,8.109525659752872
Male,Yes,0,Not Graduate,No,2600,1700.0,107.0,360.0,1.0,Rural,1,4.672828834461906,7.8632667240095735
Male,Yes,0,Graduate,No,4625,2857.0,111.0,12.0,1.0,Urban,1,4.709530201312334,8.439231649946526
Male,Yes,1,Graduate,Yes,2895,0.0,95.0,360.0,1.0,Semiurban,1,4.553876891600541,7.970740390007095
Male,No,0,Graduate,No,6283,4416.0,209.0,360.0,0.0,Rural,0,5.342334251964811,8.745602852402946
Female,No,0,Graduate,No,645,3683.0,113.0,480.0,1.0,Rural,1,4.727387818712341,6.4692503167957724
Female,No,0,Graduate,No,3159,0.0,100.0,360.0,1.0,Semiurban,1,4.605170185988092,8.058010800802085
Male,Yes,2,Graduate,No,4865,5624.0,208.0,360.0,1.0,Semiurban,1,5.337538079701318,8.489821994620105
Male,Yes,1,Not Graduate,No,4050,5302.0,138.0,360.0,1.0,Rural,0,4.927253685157205,8.306472160100585
Male,Yes,0,Not Graduate,No,3814,1483.0,124.0,300.0,1.0,Semiurban,1,4.820281565605037,8.246433786160365
Male,Yes,2,Graduate,No,3510,4416.0,243.0,360.0,1.0,Rural,1,5.493061443340548,8.163371316459912
Male,Yes,0,Graduate,No,20833,6667.0,480.0,360.0,1.0,Urban,1,6.173786103901937,9.944293546928382
Male,No,0,Graduate,No,3583,0.0,96.0,360.0,1.0,Urban,0,4.564348191467836,8.183955717304954
Male,Yes,0,Graduate,Yes,2479,3013.0,188.0,360.0,1.0,Urban,1,5.236441962829949,7.8156105320351905
Female,No,1,Graduate,No,13262,0.0,40.0,360.0,1.0,Urban,1,3.6888794541139363,9.492658081928813
Male,No,0,Not Graduate,No,3598,1287.0,100.0,360.0,1.0,Rural,0,4.605170185988092,8.188133414510478
Male,Yes,1,Graduate,No,6065,2004.0,250.0,360.0,1.0,Semiurban,1,5.521460917862246,8.71028982137815
Male,Yes,2,Graduate,No,3283,2035.0,148.0,360.0,1.0,Urban,1,4.997212273764115,8.096512917501594
Male,Yes,0,Graduate,No,2130,6666.0,70.0,180.0,1.0,Semiurban,0,4.248495242049359,7.6638772587034705
Male,No,0,Graduate,No,5815,3666.0,311.0,360.0,1.0,Rural,0,5.739792912179234,8.668196064952765
Male,Yes,3,Graduate,No,3466,3428.0,150.0,360.0,1.0,Rural,1,5.0106352940962555,8.150756470275551
Female,Yes,2,Graduate,No,2031,1632.0,113.0,480.0,1.0,Semiurban,1,4.727387818712341,7.616283561580385
Male,Yes,0,Not Graduate,No,3074,1800.0,123.0,360.0,0.0,Semiurban,0,4.812184355372417,8.03073492409854
Male,No,0,Graduate,No,4683,1915.0,185.0,360.0,1.0,Semiurban,0,5.220355825078324,8.451694209183541
Female,No,0,Not Graduate,No,3400,0.0,95.0,360.0,1.0,Rural,0,4.553876891600541,8.131530710604252
Male,Yes,2,Not Graduate,No,2192,1742.0,45.0,360.0,1.0,Semiurban,1,3.8066624897703196,7.692569648067906
Male,No,0,Graduate,No,2500,0.0,55.0,360.0,1.0,Semiurban,1,4.007333185232471,7.824046010856292
Male,Yes,3,Graduate,Yes,5677,1424.0,100.0,360.0,1.0,Rural,1,4.605170185988092,8.644178203170727
Male,Yes,2,Graduate,Yes,7948,7166.0,480.0,360.0,1.0,Rural,1,6.173786103901937,8.980675603671708
Male,No,0,Graduate,No,4680,2087.0,128.0,360.0,1.0,Semiurban,0,4.852030263919617,8.451053388911692
Male,Yes,2,Graduate,Yes,17500,0.0,400.0,360.0,1.0,Rural,1,5.991464547107982,9.769956159911606
Male,Yes,0,Graduate,No,3775,0.0,110.0,360.0,1.0,Semiurban,1,4.700480365792417,8.236155661683124
Male,Yes,1,Not Graduate,No,5285,1430.0,161.0,360.0,0.0,Semiurban,1,5.081404364984463,8.572627898304338
Male,No,1,Not Graduate,No,2679,1302.0,94.0,360.0,1.0,Semiurban,1,4.543294782270004,7.893198869544609
Male,No,0,Not Graduate,No,6783,0.0,130.0,360.0,1.0,Semiurban,1,4.867534450455582,8.82217476094608
Male,Yes,0,Graduate,No,1025,5500.0,216.0,360.0,1.0,Rural,1,5.375278407684165,6.932447891572509
Male,Yes,3,Graduate,No,4281,0.0,100.0,360.0,1.0,Urban,1,4.605170185988092,8.361941906144946
Male,No,2,Graduate,No,3588,0.0,110.0,360.0,0.0,Rural,0,4.700480365792417,8.185350223178686
Male,No,1,Graduate,No,11250,0.0,196.0,360.0,1.0,Semiurban,0,5.278114659230517,9.328123407632566
Female,No,0,Not Graduate,Yes,18165,0.0,125.0,360.0,1.0,Urban,1,4.8283137373023015,9.807251944655302
Male,No,0,Not Graduate,No,2550,2042.0,126.0,360.0,1.0,Rural,1,4.836281906951478,7.843848638152472
Male,Yes,0,Graduate,No,6133,3906.0,324.0,360.0,1.0,Urban,1,5.780743515792329,8.721439305625983
Male,No,2,Graduate,No,3617,0.0,107.0,360.0,1.0,Semiurban,1,4.672828834461906,8.193400231952097
Male,Yes,0,Not Graduate,No,2917,536.0,66.0,360.0,1.0,Rural,0,4.189654742026425,7.978310969867722
Male,Yes,3,Graduate,No,6417,0.0,157.0,180.0,1.0,Rural,1,5.056245805348308,8.766705997750515
Female,Yes,1,Graduate,No,4608,2845.0,140.0,180.0,1.0,Semiurban,1,4.941642422609304,8.435549202375727
Female,No,0,Graduate,No,2138,0.0,99.0,360.0,0.0,Semiurban,0,4.59511985013459,7.6676260915849905
Female,No,1,Graduate,No,3652,0.0,95.0,360.0,1.0,Semiurban,1,4.553876891600541,8.20303024171486
Male,Yes,1,Not Graduate,No,2239,2524.0,128.0,360.0,1.0,Urban,1,4.852030263919617,7.713784616598755
Female,Yes,0,Not Graduate,No,3017,663.0,102.0,360.0,1.0,Semiurban,1,4.624972813284271,8.012018239159062
Male,Yes,0,Graduate,No,2768,1950.0,155.0,360.0,1.0,Rural,1,5.043425116919247,7.92588031673756
Male,No,0,Not Graduate,No,3358,0.0,80.0,36.0,1.0,Semiurban,0,4.382026634673881,8.119100837637486
Male,No,0,Graduate,No,2526,1783.0,145.0,360.0,1.0,Rural,1,4.976733742420574,7.8343923029104365
Female,No,0,Graduate,No,5000,0.0,103.0,360.0,0.0,Semiurban,0,4.634728988229636,8.517193191416238
Male,Yes,0,Graduate,No,2785,2016.0,110.0,360.0,1.0,Rural,1,4.700480365792417,7.932003152361385
Male,Yes,2,Graduate,Yes,6633,0.0,128.0,360.0,0.0,Rural,0,4.852030263919617,8.799812469525556
Male,Yes,1,Not Graduate,No,2492,2375.0,128.0,360.0,1.0,Rural,1,4.852030263919617,7.820840879907344
Male,Yes,1,Graduate,No,3333,3250.0,158.0,360.0,1.0,Urban,1,5.062595033026967,8.11162807830774
Male,Yes,0,Not Graduate,No,2454,2333.0,181.0,360.0,0.0,Urban,0,5.198497031265826,7.805474625270857
Male,Yes,0,Graduate,No,3593,4266.0,132.0,180.0,0.0,Rural,0,4.882801922586371,8.186742787113518
Male,Yes,1,Graduate,No,5468,1032.0,26.0,360.0,1.0,Semiurban,1,3.258096538021482,8.60666819784384
Female,No,0,Graduate,No,2667,1625.0,84.0,360.0,1.0,Urban,1,4.430816798843313,7.888709524182015
Male,Yes,3,Graduate,Yes,10139,0.0,260.0,360.0,1.0,Semiurban,1,5.560681631015528,9.22414465295258
Male,Yes,0,Graduate,No,3887,2669.0,162.0,360.0,1.0,Semiurban,1,5.087596335232384,8.265392930852224
Female,Yes,0,Graduate,No,4180,2306.0,182.0,360.0,1.0,Semiurban,1,5.204006687076795,8.338066525518801
Male,Yes,2,Not Graduate,No,3675,242.0,108.0,360.0,1.0,Semiurban,1,4.68213122712422,8.209308411646937
Female,Yes,1,Graduate,Yes,19484,0.0,600.0,360.0,1.0,Semiurban,1,6.396929655216146,9.877348894926433
Male,Yes,0,Graduate,No,5923,2054.0,211.0,360.0,1.0,Rural,1,5.351858133476067,8.686598356276965
Male,No,0,Not Graduate,Yes,5800,0.0,132.0,360.0,1.0,Semiurban,1,4.882801922586371,8.66561319653451
Male,Yes,2,Graduate,No,8799,0.0,258.0,360.0,0.0,Urban,0,5.552959584921617,9.08239335764556
Male,Yes,0,Not Graduate,No,4467,0.0,120.0,360.0,1.0,Rural,1,4.787491742782046,8.404472321352118
Male,No,0,Graduate,No,3333,0.0,70.0,360.0,1.0,Urban,1,4.248495242049359,8.11162807830774
Male,Yes,3,Graduate,No,3400,2500.0,123.0,360.0,0.0,Rural,0,4.812184355372417,8.131530710604252
Female,No,0,Graduate,No,2378,0.0,9.0,360.0,1.0,Urban,0,2.1972245773362196,7.774015077250727
Male,Yes,0,Graduate,No,3166,2064.0,104.0,360.0,0.0,Urban,0,4.6443908991413725,8.060224240440958
Male,Yes,1,Graduate,No,3417,1750.0,186.0,360.0,1.0,Urban,1,5.225746673713202,8.136518252115291
Male,Yes,0,Graduate,No,5116,1451.0,165.0,360.0,0.0,Urban,0,5.10594547390058,8.540128162698734
Male,Yes,2,Graduate,No,16666,0.0,275.0,360.0,1.0,Urban,1,5.616771097666572,9.721125994942152
Male,Yes,2,Not Graduate,No,6125,1625.0,187.0,480.0,1.0,Semiurban,0,5.231108616854587,8.720134035412928
Male,Yes,3,Graduate,No,6406,0.0,150.0,360.0,1.0,Semiurban,0,5.0106352940962555,8.764990330169104
Male,Yes,2,Graduate,No,3159,461.0,108.0,84.0,1.0,Urban,1,4.68213122712422,8.058010800802085
Male,Yes,0,Graduate,No,3087,2210.0,136.0,360.0,0.0,Semiurban,0,4.912654885736052,8.034955024502159
Male,No,0,Graduate,No,3229,2739.0,110.0,360.0,1.0,Urban,1,4.700480365792417,8.079927770758275
Male,Yes,1,Graduate,No,1782,2232.0,107.0,360.0,1.0,Rural,1,4.672828834461906,7.485491608030754
Male,No,0,Graduate,No,3182,2917.0,161.0,360.0,1.0,Urban,1,5.081404364984463,8.065265208897733
Male,Yes,2,Graduate,No,6540,0.0,205.0,360.0,1.0,Semiurban,1,5.3230099791384085,8.785692444451245
Male,No,0,Graduate,No,1836,33837.0,90.0,360.0,1.0,Urban,0,4.499809670330265,7.515344571180436
Female,Yes,0,Graduate,No,3166,0.0,36.0,360.0,1.0,Semiurban,1,3.58351893845611,8.060224240440958
Male,Yes,1,Graduate,No,1880,0.0,61.0,360.0,1.0,Rural,0,4.110873864173311,7.539027055823995
Male,Yes,1,Graduate,No,2787,1917.0,146.0,360.0,0.0,Rural,0,4.983606621708336,7.932721027481948
Male,Yes,1,Graduate,No,4283,3000.0,172.0,84.0,1.0,Rural,0,5.147494476813453,8.36240897761537
Male,Yes,0,Graduate,No,2297,1522.0,104.0,360.0,1.0,Urban,1,4.6443908991413725,7.739359202689098
Female,No,0,Not Graduate,No,2165,0.0,70.0,360.0,1.0,Semiurban,1,4.248495242049359,7.68017564043659
Male,No,0,Graduate,No,4750,0.0,94.0,360.0,1.0,Semiurban,1,4.543294782270004,8.465899897028686
Male,Yes,2,Graduate,Yes,2726,0.0,106.0,360.0,0.0,Semiurban,0,4.663439094112067,7.9105906122564775
Male,Yes,0,Graduate,No,3000,3416.0,56.0,180.0,1.0,Semiurban,1,4.02535169073515,8.006367567650246
Male,Yes,2,Graduate,Yes,6000,0.0,205.0,240.0,1.0,Semiurban,0,5.3230099791384085,8.699514748210191
Male,No,3,Graduate,Yes,9357,0.0,292.0,360.0,1.0,Semiurban,1,5.676753802268282,9.143880005275912
Male,Yes,0,Graduate,No,3859,3300.0,142.0,180.0,1.0,Rural,1,4.955827057601261,8.258163361537619
Male,Yes,0,Graduate,Yes,16120,0.0,260.0,360.0,1.0,Urban,1,5.560681631015528,9.68781601606062
Male,No,0,Not Graduate,No,3833,0.0,110.0,360.0,1.0,Rural,1,4.700480365792417,8.251403065380556
Male,Yes,2,Not Graduate,Yes,6383,1000.0,187.0,360.0,1.0,Rural,0,5.231108616854587,8.761393485256058
Male,No,0,Graduate,No,2987,0.0,88.0,360.0,0.0,Semiurban,0,4.477336814478207,8.00202481821611
Male,Yes,0,Graduate,Yes,9963,0.0,180.0,360.0,1.0,Rural,1,5.19295685089021,9.206633510044856
Male,Yes,2,Graduate,No,5780,0.0,192.0,360.0,1.0,Urban,1,5.2574953720277815,8.662158961666423
Female,No,3,Graduate,No,416,41667.0,350.0,180.0,1.0,Urban,0,5.857933154483459,6.030685260261263
Male,Yes,0,Not Graduate,No,2894,2792.0,155.0,360.0,1.0,Rural,1,5.043425116919247,7.970394907191429
Male,Yes,3,Graduate,No,5703,0.0,128.0,360.0,1.0,Urban,1,4.852030263919617,8.648747631156539
Male,No,0,Graduate,No,3676,4301.0,172.0,360.0,1.0,Rural,1,5.147494476813453,8.209580483475577
Female,Yes,1,Graduate,No,12000,0.0,496.0,360.0,1.0,Semiurban,1,6.206575926724928,9.392661928770137
Male,Yes,0,Not Graduate,No,2400,3800.0,128.0,180.0,1.0,Urban,0,4.852030263919617,7.783224016336037
Male,Yes,1,Graduate,No,3400,2500.0,173.0,360.0,1.0,Semiurban,1,5.153291594497779,8.131530710604252
Male,Yes,2,Not Graduate,No,3987,1411.0,157.0,360.0,1.0,Rural,1,5.056245805348308,8.290794347381356
Male,Yes,0,Graduate,No,3232,1950.0,108.0,360.0,1.0,Rural,1,4.68213122712422,8.080856419640986
Female,No,0,Graduate,No,2900,0.0,71.0,360.0,1.0,Rural,1,4.2626798770413155,7.9724660159745655
Male,Yes,3,Graduate,No,4106,0.0,40.0,180.0,1.0,Rural,1,3.6888794541139363,8.32020459757888
Male,Yes,1,Graduate,No,8072,240.0,253.0,360.0,1.0,Urban,1,5.53338948872752,8.996156562033445
Male,Yes,2,Graduate,No,7583,0.0,187.0,360.0,1.0,Urban,1,5.231108616854587,8.933664178700935
Female,No,0,Graduate,Yes,4583,0.0,133.0,360.0,0.0,Semiurban,0,4.890349128221754,8.430109084509125
